<?xml version="1.0" encoding="UTF-8" ?>
<!DOCTYPE mapper PUBLIC "-//mybatis.org//DTD Mapper 3.0//EN"  "http://mybatis.org/dtd/mybatis-3-mapper.dtd">
<!-- namespace命名空间,作用就是对sql进行分类化管理,理解sql隔离
注意:使用mapper代理方法开发,namespace有特殊重要的作用,namespace等于mapper接口地址-->
<mapper namespace="org.seckill.dao.SeckillDao">

    <!--mapper作用:为DAO接口方法提供sql语句配置-->

    <!-- int reduceNumber(long seckillId, Date killTime);-->
    <update id="reduceNumber">
       UPDATE seckill set number = number -1
       where seckill_id = #{seckillId}
       AND  start_time <![CDATA[ <= ]]> #{killTime}
       AND  end_time >= #{killTime}
       AND number >0;
   </update>

    <!--   Seckill queryById(long seckillId);-->
    <select id="queryById" resultType="Seckill" parameterType="long">
        SELECT seckill_id,name,number,start_time,end_time,create_time
        FROM seckill
        WHERE seckill_id = #{seckillId}
    </select>

    <!-- List<Seckill> queryAll(int offset,int limit);-->
    <select id="queryAll" resultType="Seckill">
        SELECT seckill_id,name,number,start_time,end_time,create_time
        FROM seckill
        ORDER BY create_time DESC
        limit #{offset},#{limit}
    </select>

    <!-- mybatis调用存储过程 -->
    <select id="killByProcedure" statementType="CALLABLE">
        call execute_seckill(
        #{seckillId,jdbcType=BIGINT,mode=IN},
        #{phone,jdbcType=BIGINT,mode=IN},
        #{killTime,jdbcType=TIMESTAMP,mode=IN},
        #{result,jdbcType=INTEGER,mode=OUT}
        )
    </select>

</mapper>
